GlobalTime,SiteTime,time,station,site,moduleConfig,inputParameterVersion,SWversion,lotNum,barcode,sensorID,LensSN,vcmID,SPModuleSN,FlexureSN,FdrID,T_combined_msec_1st,Bz_combined_DAC_1st,APS_E_1st,APS_W_1st,NTC_1st,Laser_1_1st,Laser_2_1st,T_combined_msec_2nd,Bz_combined_DAC_2nd,APS_E_2nd,APS_W_2nd,NTC_2nd,Laser_1_2nd,Laser_2_2nd,T_combined_msec_3rd,Bz_combined_DAC_3rd,APS_E_3rd,APS_W_3rd,NTC_3rd,Laser_1_3rd,Laser_2_3rd,aps_bottom_endStop_aps_dac
T240814010559091VCMCT9009T0,'20240814011005,2024-08-14 01:10:14:623,VCMCT9009T02,S7,C5027,240808A,EPSSWEXCEPTION_POR_F52_UDT_CUBE_MFG_A_C5027_2d105e6_24080900,VTY0H0NQ83A2,GCFUDPNP08142024010534472,0914010000ca3803013aca3803069254,0x911024667874b106,LC1E3011038VB232012,,,,0,0,-2532,-2532,39.04857272021490643965,0.00000000000000000000,0.00000000000000000000,0,0,-2126,-2126,39.19207789784638862329,0.00000000000000000000,0.00000000000000000000,0,0,-2125,-2125,39.39518593233265164599,0.00000000000000000000,0.00000000000000000000,-368
T240814010559091VCMCT9009T0,'20240814011005,2024-08-14 01:10:14:633,VCMCT9009T02,S7,C5027,240808A,EPSSWEXCEPTION_POR_F52_UDT_CUBE_MFG_A_C5027_2d105e6_24080900,VTY0H0NQ83A2,GCFUDPNP08142024010534472,0914010000ca3803013aca3803069254,0x911024667874b106,LC1E3011038VB232012,,,,1,-20,-4576,-4576,39.04516677772585353523,0.00000000000000000000,0.00000000000000000000,1,-20,-4282,-4282,39.19207789784638862329,0.00000000000000000000,0.00000000000000000000,1,-20,-4197,-4197,39.39518593233265164599,0.00000000000000000000,0.00000000000000000000,-368
T240814010559091VCMCT9009T0,'20240814011005,2024-08-14 01:10:14:633,VCMCT9009T02,S7,C5027,240808A,EPSSWEXCEPTION_POR_F52_UDT_CUBE_MFG_A_C5027_2d105e6_24080900,VTY0H0NQ83A2,GCFUDPNP08142024010534472,0914010000ca3803013aca3803069254,0x911024667874b106,LC1E3011038VB232012,,,,2,-40,-5074,-5074,39.04857272021490643965,0.00000000000000000000,0.00000000000000000000,2,-40,-4741,-4741,39.19893376898039605294,0.00000000000000000000,0.00000000000000000000,2,-40,-4672,-4672,39.39864386426245346229,0.00000000000000000000,0.00000000000000000000,-368
T240814010559091VCMCT9009T0,'20240814011005,2024-08-14 01:10:14:633,VCMCT9009T02,S7,C5027,240808A,EPSSWEXCEPTION_POR_F52_UDT_CUBE_MFG_A_C5027_2d105e6_24080900,VTY0H0NQ83A2,GCFUDPNP08142024010534472,0914010000ca3803013aca3803069254,0x911024667874b106,LC1E3011038VB232012,,,,3,-60,-4648,-4648,39.04857272021490643965,0.00000000000000000000,0.00000000000000000000,3,-60,-4293,-4293,39.19893376898039605294,0.00000000000000000000,0.00000000000000000000,3,-60,-4247,-4247,39.40210231319241529491,0.00000000000000000000,0.00000000000000000000,-368
T240814010559091VCMCT9009T0,'20240814011005,2024-08-14 01:10:14:633,VCMCT9009T02,S7,C5027,240808A,EPSSWEXCEPTION_POR_F52_UDT_CUBE_MFG_A_C5027_2d105e6_24080900,VTY0H0NQ83A2,GCFUDPNP08142024010534472,0914010000ca3803013aca3803069254,0x911024667874b106,LC1E3011038VB232012,,,,4,-80,-3999,-3999,39.05197916534399382726,0.00000000000000000000,0.00000000000000000000,4,-80,-3631,-3631,39.19550557910247334803,0.00000000000000000000,0.00000000000000000000,4,-80,-3618,-3618,39.39864386426245346229,0.00000000000000000000,0.00000000000000000000,-368
T240814010559091VCMCT9009T0,'20240814011005,2024-08-14 01:10:14:633,VCMCT9009T02,S7,C5027,240808A,EPSSWEXCEPTION_POR_F52_UDT_CUBE_MFG_A_C5027_2d105e6_24080900,VTY0H0NQ83A2,GCFUDPNP08142024010534472,0914010000ca3803013aca3803069254,0x911024667874b106,LC1E3011038VB232012,,,,5,-99,-3288,-3288,39.05197916534399382726,0.00000000000000000000,0.00000000000000000000,5,-99,-2988,-2988,39.19893376898039605294,0.00000000000000000000,0.00000000000000000000,5,-99,-2950,-2950,39.40556127926606677647,0.00000000000000000000,0.00000000000000000000,-368
T240814010559091VCMCT9009T0,'20240814011005,2024-08-14 01:10:14:633,VCMCT9009T02,S7,C5027,240808A,EPSSWEXCEPTION_POR_F52_UDT_CUBE_MFG_A_C5027_2d105e6_24080900,VTY0H0NQ83A2,GCFUDPNP08142024010534472,0914010000ca3803013aca3803069254,0x911024667874b106,LC1E3011038VB232012,,,,6,-119,-2622,-2622,39.04516677772585353523,0.00000000000000000000,0.00000000000000000000,6,-119,-2246,-2246,39.20236246762050313919,0.00000000000000000000,0.00000000000000000000,6,-119,-2207,-2207,39.40210231319241529491,0.00000000000000000000,0.00000000000000000000,-368
T240814010559091VCMCT9009T0,'20240814011005,2024-08-14 01:10:14:633,VCMCT9009T02,S7,C5027,240808A,EPSSWEXCEPTION_POR_F52_UDT_CUBE_MFG_A_C5027_2d105e6_24080900,VTY0H0NQ83A2,GCFUDPNP08142024010534472,0914010000ca3803013aca3803069254,0x911024667874b106,LC1E3011038VB232012,,,,7,-139,-1817,-1817,39.04516677772585353523,0.00000000000000000000,0.00000000000000000000,7,-139,-1493,-1493,39.20236246762050313919,0.00000000000000000000,0.00000000000000000000,7,-139,-1413,-1413,39.40210231319241529491,0.00000000000000000000,0.00000000000000000000,-368
T240814010559091VCMCT9009T0,'20240814011005,2024-08-14 01:10:14:633,VCMCT9009T02,S7,C5027,240808A,EPSSWEXCEPTION_POR_F52_UDT_CUBE_MFG_A_C5027_2d105e6_24080900,VTY0H0NQ83A2,GCFUDPNP08142024010534472,0914010000ca3803013aca3803069254,0x911024667874b106,LC1E3011038VB232012,,,,8,-159,-945,-945,39.04176133773881929301,0.00000000000000000000,0.00000000000000000000,8,-159,-603,-603,39.19893376898039605294,0.00000000000000000000,0.00000000000000000000,8,-159,-550,-550,39.40210231319241529491,0.00000000000000000000,0.00000000000000000000,-368
T240814010559091VCMCT9009T0,'20240814011005,2024-08-14 01:10:14:633,VCMCT9009T02,S7,C5027,240808A,EPSSWEXCEPTION_POR_F52_UDT_CUBE_MFG_A_C5027_2d105e6_24080900,VTY0H0NQ83A2,GCFUDPNP08142024010534472,0914010000ca3803013aca3803069254,0x911024667874b106,LC1E3011038VB232012,,,,9,-179,34,34,39.04516677772585353523,0.00000000000000000000,0.00000000000000000000,9,-179,364,364,39.19893376898039605294,0.00000000000000000000,0.00000000000000000000,9,-179,414,414,39.40556127926606677647,0.00000000000000000000,0.00000000000000000000,-368
T240814010559091VCMCT9009T0,'20240814011005,2024-08-14 01:10:14:633,VCMCT9009T02,S7,C5027,240808A,EPSSWEXCEPTION_POR_F52_UDT_CUBE_MFG_A_C5027_2d105e6_24080900,VTY0H0NQ83A2,GCFUDPNP08142024010534472,0914010000ca3803013aca3803069254,0x911024667874b106,LC1E3011038VB232012,,,,10,-199,972,972,39.04176133773881929301,0.00000000000000000000,0.00000000000000000000,10,-199,1377,1377,39.20236246762050313919,0.00000000000000000000,0.00000000000000000000,10,-199,1409,1409,39.40556127926606677647,0.00000000000000000000,0.00000000000000000000,-368
T240814010559091VCMCT9009T0,'20240814011005,2024-08-14 01:10:14:633,VCMCT9009T02,S7,C5027,240808A,EPSSWEXCEPTION_POR_F52_UDT_CUBE_MFG_A_C5027_2d105e6_24080900,VTY0H0NQ83A2,GCFUDPNP08142024010534472,0914010000ca3803013aca3803069254,0x911024667874b106,LC1E3011038VB232012,,,,11,-219,1968,1968,39.04857272021490643965,0.00000000000000000000,0.00000000000000000000,11,-219,2432,2432,39.20236246762050313919,0.00000000000000000000,0.00000000000000000000,11,-219,2434,2434,39.40210231319241529491,0.00000000000000000000,0.00000000000000000000,-368
T240814010559091VCMCT9009T0,'20240814011005,2024-08-14 01:10:14:633,VCMCT9009T02,S7,C5027,240808A,EPSSWEXCEPTION_POR_F52_UDT_CUBE_MFG_A_C5027_2d105e6_24080900,VTY0H0NQ83A2,GCFUDPNP08142024010534472,0914010000ca3803013aca3803069254,0x911024667874b106,LC1E3011038VB232012,,,,12,-239,3002,3002,39.04516677772585353523,0.00000000000000000000,0.00000000000000000000,12,-239,3518,3518,39.19893376898039605294,0.00000000000000000000,0.00000000000000000000,12,-239,3488,3488,39.40210231319241529491,0.00000000000000000000,0.00000000000000000000,-368
T240814010559091VCMCT9009T0,'20240814011005,2024-08-14 01:10:14:633,VCMCT9009T02,S7,C5027,240808A,EPSSWEXCEPTION_POR_F52_UDT_CUBE_MFG_A_C5027_2d105e6_24080900,VTY0H0NQ83A2,GCFUDPNP08142024010534472,0914010000ca3803013aca3803069254,0x911024667874b106,LC1E3011038VB232012,,,,13,-259,4069,4069,39.04857272021490643965,0.00000000000000000000,0.00000000000000000000,13,-259,4588,4588,39.19893376898039605294,0.00000000000000000000,0.00000000000000000000,13,-259,4604,4604,39.40556127926606677647,0.00000000000000000000,0.00000000000000000000,-368
T240814010559091VCMCT9009T0,'20240814011005,2024-08-14 01:10:14:633,VCMCT9009T02,S7,C5027,240808A,EPSSWEXCEPTION_POR_F52_UDT_CUBE_MFG_A_C5027_2d105e6_24080900,VTY0H0NQ83A2,GCFUDPNP08142024010534472,0914010000ca3803013aca3803069254,0x911024667874b106,LC1E3011038VB232012,,,,14,-278,5176,5176,39.04857272021490643965,0.00000000000000000000,0.00000000000000000000,14,-278,5740,5740,39.19550557910247334803,0.00000000000000000000,0.00000000000000000000,14,-278,5792,5792,39.40902076262739228696,0.00000000000000000000,0.00000000000000000000,-368
T240814010559091VCMCT9009T0,'20240814011005,2024-08-14 01:10:14:633,VCMCT9009T02,S7,C5027,240808A,EPSSWEXCEPTION_POR_F52_UDT_CUBE_MFG_A_C5027_2d105e6_24080900,VTY0H0NQ83A2,GCFUDPNP08142024010534472,0914010000ca3803013aca3803069254,0x911024667874b106,LC1E3011038VB232012,,,,15,-298,6272,6272,39.04176133773881929301,0.00000000000000000000,0.00000000000000000000,15,-298,6857,6857,39.20236246762050313919,0.00000000000000000000,0.00000000000000000000,15,-298,6924,6924,39.40902076262739228696,0.00000000000000000000,0.00000000000000000000,-368
T240814010559091VCMCT9009T0,'20240814011005,2024-08-14 01:10:14:633,VCMCT9009T02,S7,C5027,240808A,EPSSWEXCEPTION_POR_F52_UDT_CUBE_MFG_A_C5027_2d105e6_24080900,VTY0H0NQ83A2,GCFUDPNP08142024010534472,0914010000ca3803013aca3803069254,0x911024667874b106,LC1E3011038VB232012,,,,16,-318,7337,7337,39.04857272021490643965,0.00000000000000000000,0.00000000000000000000,16,-318,8005,8005,39.19893376898039605294,0.00000000000000000000,0.00000000000000000000,16,-318,8086,8086,39.41248076342009198925,0.00000000000000000000,0.00000000000000000000,-368
T240814010559091VCMCT9009T0,'20240814011005,2024-08-14 01:10:14:633,VCMCT9009T02,S7,C5027,240808A,EPSSWEXCEPTION_POR_F52_UDT_CUBE_MFG_A_C5027_2d105e6_24080900,VTY0H0NQ83A2,GCFUDPNP08142024010534472,0914010000ca3803013aca3803069254,0x911024667874b106,LC1E3011038VB232012,,,,17,-338,8498,8498,39.04516677772585353523,0.00000000000000000000,0.00000000000000000000,17,-338,9249,9249,39.20236246762050313919,0.00000000000000000000,0.00000000000000000000,17,-338,9270,9270,39.41594128178815026331,0.00000000000000000000,0.00000000000000000000,-368
T240814010559091VCMCT9009T0,'20240814011005,2024-08-14 01:10:14:633,VCMCT9009T02,S7,C5027,240808A,EPSSWEXCEPTION_POR_F52_UDT_CUBE_MFG_A_C5027_2d105e6_24080900,VTY0H0NQ83A2,GCFUDPNP08142024010534472,0914010000ca3803013aca3803069254,0x911024667874b106,LC1E3011038VB232012,,,,18,-359,9672,9672,39.05197916534399382726,0.00000000000000000000,0.00000000000000000000,18,-359,10418,10418,39.20579167516319785136,0.00000000000000000000,0.00000000000000000000,18,-359,10472,10472,39.41248076342009198925,0.00000000000000000000,0.00000000000000000000,-368
T240814010559091VCMCT9009T0,'20240814011005,2024-08-14 01:10:14:633,VCMCT9009T02,S7,C5027,240808A,EPSSWEXCEPTION_POR_F52_UDT_CUBE_MFG_A_C5027_2d105e6_24080900,VTY0H0NQ83A2,GCFUDPNP08142024010534472,0914010000ca3803013aca3803069254,0x911024667874b106,LC1E3011038VB232012,,,,19,-360,10685,10685,39.05197916534399382726,0.00000000000000000000,0.00000000000000000000,19,-360,11474,11474,39.20236246762050313919,0.00000000000000000000,0.00000000000000000000,19,-360,11576,11576,39.41248076342009198925,0.00000000000000000000,0.00000000000000000000,-368
T240814010559091VCMCT9009T0,'20240814011005,2024-08-14 01:10:14:633,VCMCT9009T02,S7,C5027,240808A,EPSSWEXCEPTION_POR_F52_UDT_CUBE_MFG_A_C5027_2d105e6_24080900,VTY0H0NQ83A2,GCFUDPNP08142024010534472,0914010000ca3803013aca3803069254,0x911024667874b106,LC1E3011038VB232012,,,,20,-361,11194,11194,39.05197916534399382726,0.00000000000000000000,0.00000000000000000000,20,-361,11995,11995,39.20922139174894027747,0.00000000000000000000,0.00000000000000000000,20,-361,12081,12081,39.41248076342009198925,0.00000000000000000000,0.00000000000000000000,-368
T240814010559091VCMCT9009T0,'20240814011005,2024-08-14 01:10:14:633,VCMCT9009T02,S7,C5027,240808A,EPSSWEXCEPTION_POR_F52_UDT_CUBE_MFG_A_C5027_2d105e6_24080900,VTY0H0NQ83A2,GCFUDPNP08142024010534472,0914010000ca3803013aca3803069254,0x911024667874b106,LC1E3011038VB232012,,,,21,-362,11572,11572,39.05197916534399382726,0.00000000000000000000,0.00000000000000000000,21,-362,12343,12343,39.20579167516319785136,0.00000000000000000000,0.00000000000000000000,21,-362,12403,12403,39.41594128178815026331,0.00000000000000000000,0.00000000000000000000,-368
T240814010559091VCMCT9009T0,'20240814011005,2024-08-14 01:10:14:633,VCMCT9009T02,S7,C5027,240808A,EPSSWEXCEPTION_POR_F52_UDT_CUBE_MFG_A_C5027_2d105e6_24080900,VTY0H0NQ83A2,GCFUDPNP08142024010534472,0914010000ca3803013aca3803069254,0x911024667874b106,LC1E3011038VB232012,,,,22,-363,11897,11897,39.05538611325096098881,0.00000000000000000000,0.00000000000000000000,22,-363,12629,12629,39.20922139174894027747,0.00000000000000000000,0.00000000000000000000,22,-363,12686,12686,39.41594128178815026331,0.00000000000000000000,0.00000000000000000000,-368
T240814010559091VCMCT9009T0,'20240814011005,2024-08-14 01:10:14:633,VCMCT9009T02,S7,C5027,240808A,EPSSWEXCEPTION_POR_F52_UDT_CUBE_MFG_A_C5027_2d105e6_24080900,VTY0H0NQ83A2,GCFUDPNP08142024010534472,0914010000ca3803013aca3803069254,0x911024667874b106,LC1E3011038VB232012,,,,23,-364,12170,12170,39.06220151795054107424,0.00000000000000000000,0.00000000000000000000,23,-364,12864,12864,39.21265161751813366209,0.00000000000000000000,0.00000000000000000000,23,-364,12917,12917,39.41594128178815026331,0.00000000000000000000,0.00000000000000000000,-368
T240814010559091VCMCT9009T0,'20240814011005,2024-08-14 01:10:14:633,VCMCT9009T02,S7,C5027,240808A,EPSSWEXCEPTION_POR_F52_UDT_CUBE_MFG_A_C5027_2d105e6_24080900,VTY0H0NQ83A2,GCFUDPNP08142024010534472,0914010000ca3803013aca3803069254,0x911024667874b106,LC1E3011038VB232012,,,,24,-365,12390,12390,39.05879356407376690186,0.00000000000000000000,0.00000000000000000000,24,-365,13059,13059,39.21265161751813366209,0.00000000000000000000,0.00000000000000000000,24,-365,13117,13117,39.41594128178815026331,0.00000000000000000000,0.00000000000000000000,-368
T240814010559091VCMCT9009T0,'20240814011005,2024-08-14 01:10:14:633,VCMCT9009T02,S7,C5027,240808A,EPSSWEXCEPTION_POR_F52_UDT_CUBE_MFG_A_C5027_2d105e6_24080900,VTY0H0NQ83A2,GCFUDPNP08142024010534472,0914010000ca3803013aca3803069254,0x911024667874b106,LC1E3011038VB232012,,,,25,-366,12597,12597,39.06220151795054107424,0.00000000000000000000,0.00000000000000000000,25,-366,13249,13249,39.21608235261157915374,0.00000000000000000000,0.00000000000000000000,25,-366,13300,13300,39.41940231787549464570,0.00000000000000000000,0.00000000000000000000,-368
T240814010559091VCMCT9009T0,'20240814011005,2024-08-14 01:10:14:633,VCMCT9009T02,S7,C5027,240808A,EPSSWEXCEPTION_POR_F52_UDT_CUBE_MFG_A_C5027_2d105e6_24080900,VTY0H0NQ83A2,GCFUDPNP08142024010534472,0914010000ca3803013aca3803069254,0x911024667874b106,LC1E3011038VB232012,,,,26,-367,12774,12774,39.05879356407376690186,0.00000000000000000000,0.00000000000000000000,26,-367,13406,13406,39.21608235261157915374,0.00000000000000000000,0.00000000000000000000,26,-367,13463,13463,39.41940231787549464570,0.00000000000000000000,0.00000000000000000000,-368
T240814010559091VCMCT9009T0,'20240814011005,2024-08-14 01:10:14:633,VCMCT9009T02,S7,C5027,240808A,EPSSWEXCEPTION_POR_F52_UDT_CUBE_MFG_A_C5027_2d105e6_24080900,VTY0H0NQ83A2,GCFUDPNP08142024010534472,0914010000ca3803013aca3803069254,0x911024667874b106,LC1E3011038VB232012,,,,27,-368,12936,12936,39.05538611325096098881,0.00000000000000000000,0.00000000000000000000,27,-368,13974,13974,39.22294535133329418386,0.00000000000000000000,0.00000000000000000000,27,-368,13609,13609,39.41594128178815026331,0.00000000000000000000,0.00000000000000000000,-368
T240814010559091VCMCT9009T0,'20240814011005,2024-08-14 01:10:14:633,VCMCT9009T02,S7,C5027,240808A,EPSSWEXCEPTION_POR_F52_UDT_CUBE_MFG_A_C5027_2d105e6_24080900,VTY0H0NQ83A2,GCFUDPNP08142024010534472,0914010000ca3803013aca3803069254,0x911024667874b106,LC1E3011038VB232012,,,,28,-369,13065,13065,39.05538611325096098881,0.00000000000000000000,0.00000000000000000000,28,-369,14023,14023,39.22294535133329418386,0.00000000000000000000,0.00000000000000000000,28,-369,13741,13741,39.41940231787549464570,0.00000000000000000000,0.00000000000000000000,-368
T240814010559091VCMCT9009T0,'20240814011005,2024-08-14 01:10:14:633,VCMCT9009T02,S7,C5027,240808A,EPSSWEXCEPTION_POR_F52_UDT_CUBE_MFG_A_C5027_2d105e6_24080900,VTY0H0NQ83A2,GCFUDPNP08142024010534472,0914010000ca3803013aca3803069254,0x911024667874b106,LC1E3011038VB232012,,,,29,-370,13205,13205,39.05879356407376690186,0.00000000000000000000,0.00000000000000000000,29,-370,14094,14094,39.22981038903975559151,0.00000000000000000000,0.00000000000000000000,29,-370,13859,13859,39.41940231787549464570,0.00000000000000000000,0.00000000000000000000,-368
T240814010559091VCMCT9009T0,'20240814011005,2024-08-14 01:10:14:633,VCMCT9009T02,S7,C5027,240808A,EPSSWEXCEPTION_POR_F52_UDT_CUBE_MFG_A_C5027_2d105e6_24080900,VTY0H0NQ83A2,GCFUDPNP08142024010534472,0914010000ca3803013aca3803069254,0x911024667874b106,LC1E3011038VB232012,,,,30,-371,13333,13333,39.05538611325096098881,0.00000000000000000000,0.00000000000000000000,30,-371,14153,14153,39.22294535133329418386,0.00000000000000000000,0.00000000000000000000,30,-371,13972,13972,39.42286387182610951641,0.00000000000000000000,0.00000000000000000000,-368
T240814010559091VCMCT9009T0,'20240814011005,2024-08-14 01:10:14:643,VCMCT9009T02,S7,C5027,240808A,EPSSWEXCEPTION_POR_F52_UDT_CUBE_MFG_A_C5027_2d105e6_24080900,VTY0H0NQ83A2,GCFUDPNP08142024010534472,0914010000ca3803013aca3803069254,0x911024667874b106,LC1E3011038VB232012,,,,31,-372,13453,13453,39.05879356407376690186,0.00000000000000000000,0.00000000000000000000,31,-372,14249,14249,39.22294535133329418386,0.00000000000000000000,0.00000000000000000000,31,-372,14082,14082,39.42632594378420662906,0.00000000000000000000,0.00000000000000000000,-368
T240814010559091VCMCT9009T0,'20240814011005,2024-08-14 01:10:14:643,VCMCT9009T02,S7,C5027,240808A,EPSSWEXCEPTION_POR_F52_UDT_CUBE_MFG_A_C5027_2d105e6_24080900,VTY0H0NQ83A2,GCFUDPNP08142024010534472,0914010000ca3803013aca3803069254,0x911024667874b106,LC1E3011038VB232012,,,,32,-373,13570,13570,39.05879356407376690186,0.00000000000000000000,0.00000000000000000000,32,-373,14325,14325,39.22637761524305233252,0.00000000000000000000,0.00000000000000000000,32,-373,14192,14192,39.41594128178815026331,0.00000000000000000000,0.00000000000000000000,-368
T240814010559091VCMCT9009T0,'20240814011005,2024-08-14 01:10:14:643,VCMCT9009T02,S7,C5027,240808A,EPSSWEXCEPTION_POR_F52_UDT_CUBE_MFG_A_C5027_2d105e6_24080900,VTY0H0NQ83A2,GCFUDPNP08142024010534472,0914010000ca3803013aca3803069254,0x911024667874b106,LC1E3011038VB232012,,,,33,-374,13678,13678,39.05197916534399382726,0.00000000000000000000,0.00000000000000000000,33,-374,14400,14400,39.22981038903975559151,0.00000000000000000000,0.00000000000000000000,33,-374,14307,14307,39.42286387182610951641,0.00000000000000000000,0.00000000000000000000,-368
T240814010559091VCMCT9009T0,'20240814011005,2024-08-14 01:10:14:643,VCMCT9009T02,S7,C5027,240808A,EPSSWEXCEPTION_POR_F52_UDT_CUBE_MFG_A_C5027_2d105e6_24080900,VTY0H0NQ83A2,GCFUDPNP08142024010534472,0914010000ca3803013aca3803069254,0x911024667874b106,LC1E3011038VB232012,,,,34,-375,13797,13797,39.05538611325096098881,0.00000000000000000000,0.00000000000000000000,34,-375,14475,14475,39.22294535133329418386,0.00000000000000000000,0.00000000000000000000,34,-375,14390,14390,39.42286387182610951641,0.00000000000000000000,0.00000000000000000000,-368
T240814010559091VCMCT9009T0,'20240814011005,2024-08-14 01:10:14:643,VCMCT9009T02,S7,C5027,240808A,EPSSWEXCEPTION_POR_F52_UDT_CUBE_MFG_A_C5027_2d105e6_24080900,VTY0H0NQ83A2,GCFUDPNP08142024010534472,0914010000ca3803013aca3803069254,0x911024667874b106,LC1E3011038VB232012,,,,35,-376,13896,13896,39.05197916534399382726,0.00000000000000000000,0.00000000000000000000,35,-376,14551,14551,39.22637761524305233252,0.00000000000000000000,0.00000000000000000000,35,-376,14486,14486,39.42632594378420662906,0.00000000000000000000,0.00000000000000000000,-368
T240814010559091VCMCT9009T0,'20240814011005,2024-08-14 01:10:14:643,VCMCT9009T02,S7,C5027,240808A,EPSSWEXCEPTION_POR_F52_UDT_CUBE_MFG_A_C5027_2d105e6_24080900,VTY0H0NQ83A2,GCFUDPNP08142024010534472,0914010000ca3803013aca3803069254,0x911024667874b106,LC1E3011038VB232012,,,,36,-377,14004,14004,39.05538611325096098881,0.00000000000000000000,0.00000000000000000000,36,-377,14645,14645,39.22981038903975559151,0.00000000000000000000,0.00000000000000000000,36,-377,14573,14573,39.42978853389382720707,0.00000000000000000000,0.00000000000000000000,-368
T240814010559091VCMCT9009T0,'20240814011005,2024-08-14 01:10:14:643,VCMCT9009T02,S7,C5027,240808A,EPSSWEXCEPTION_POR_F52_UDT_CUBE_MFG_A_C5027_2d105e6_24080900,VTY0H0NQ83A2,GCFUDPNP08142024010534472,0914010000ca3803013aca3803069254,0x911024667874b106,LC1E3011038VB232012,,,,37,-378,14097,14097,39.05879356407376690186,0.00000000000000000000,0.00000000000000000000,37,-378,14722,14722,39.22637761524305233252,0.00000000000000000000,0.00000000000000000000,37,-378,14669,14669,39.42632594378420662906,0.00000000000000000000,0.00000000000000000000,-368
T240814010559091VCMCT9009T0,'20240814011005,2024-08-14 01:10:14:643,VCMCT9009T02,S7,C5027,240808A,EPSSWEXCEPTION_POR_F52_UDT_CUBE_MFG_A_C5027_2d105e6_24080900,VTY0H0NQ83A2,GCFUDPNP08142024010534472,0914010000ca3803013aca3803069254,0x911024667874b106,LC1E3011038VB232012,,,,38,-379,14184,14184,39.05879356407376690186,0.00000000000000000000,0.00000000000000000000,38,-379,14803,14803,39.22981038903975559151,0.00000000000000000000,0.00000000000000000000,38,-379,14752,14752,39.42632594378420662906,0.00000000000000000000,0.00000000000000000000,-368
T240814010559091VCMCT9009T0,'20240814011005,2024-08-14 01:10:14:643,VCMCT9009T02,S7,C5027,240808A,EPSSWEXCEPTION_POR_F52_UDT_CUBE_MFG_A_C5027_2d105e6_24080900,VTY0H0NQ83A2,GCFUDPNP08142024010534472,0914010000ca3803013aca3803069254,0x911024667874b106,LC1E3011038VB232012,,,,39,-380,14280,14280,39.05879356407376690186,0.00000000000000000000,0.00000000000000000000,39,-380,14882,14882,39.22981038903975559151,0.00000000000000000000,0.00000000000000000000,39,-380,14837,14837,39.43325164229929669091,0.00000000000000000000,0.00000000000000000000,-368
T240814010559091VCMCT9009T0,'20240814011005,2024-08-14 01:10:14:643,VCMCT9009T02,S7,C5027,240808A,EPSSWEXCEPTION_POR_F52_UDT_CUBE_MFG_A_C5027_2d105e6_24080900,VTY0H0NQ83A2,GCFUDPNP08142024010534472,0914010000ca3803013aca3803069254,0x911024667874b106,LC1E3011038VB232012,,,,40,-382,14383,14383,39.05879356407376690186,0.00000000000000000000,0.00000000000000000000,40,-382,14936,14936,39.22637761524305233252,0.00000000000000000000,0.00000000000000000000,40,-382,14921,14921,39.43671526914471314740,0.00000000000000000000,0.00000000000000000000,-368
T240814010559091VCMCT9009T0,'20240814011005,2024-08-14 01:10:14:643,VCMCT9009T02,S7,C5027,240808A,EPSSWEXCEPTION_POR_F52_UDT_CUBE_MFG_A_C5027_2d105e6_24080900,VTY0H0NQ83A2,GCFUDPNP08142024010534472,0914010000ca3803013aca3803069254,0x911024667874b106,LC1E3011038VB232012,,,,41,-384,14485,14485,39.06560997501935617038,0.00000000000000000000,0.00000000000000000000,41,-384,15005,15005,39.22981038903975559151,0.00000000000000000000,0.00000000000000000000,41,-384,14993,14993,39.43671526914471314740,0.00000000000000000000,0.00000000000000000000,-368
T240814010559091VCMCT9009T0,'20240814011005,2024-08-14 01:10:14:643,VCMCT9009T02,S7,C5027,240808A,EPSSWEXCEPTION_POR_F52_UDT_CUBE_MFG_A_C5027_2d105e6_24080900,VTY0H0NQ83A2,GCFUDPNP08142024010534472,0914010000ca3803013aca3803069254,0x911024667874b106,LC1E3011038VB232012,,,,42,-386,14627,14627,39.06220151795054107424,0.00000000000000000000,0.00000000000000000000,42,-386,15069,15069,39.23667746685771362536,0.00000000000000000000,0.00000000000000000000,42,-386,15040,15040,39.43671526914471314740,0.00000000000000000000,0.00000000000000000000,-368
T240814010559091VCMCT9009T0,'20240814011005,2024-08-14 01:10:14:643,VCMCT9009T02,S7,C5027,240808A,EPSSWEXCEPTION_POR_F52_UDT_CUBE_MFG_A_C5027_2d105e6_24080900,VTY0H0NQ83A2,GCFUDPNP08142024010534472,0914010000ca3803013aca3803069254,0x911024667874b106,LC1E3011038VB232012,,,,43,-388,14778,14778,39.06220151795054107424,0.00000000000000000000,0.00000000000000000000,43,-388,15130,15130,39.22981038903975559151,0.00000000000000000000,0.00000000000000000000,43,-388,15112,15112,39.44017941457451570386,0.00000000000000000000,0.00000000000000000000,-368
T240814010559091VCMCT9009T0,'20240814011005,2024-08-14 01:10:14:643,VCMCT9009T02,S7,C5027,240808A,EPSSWEXCEPTION_POR_F52_UDT_CUBE_MFG_A_C5027_2d105e6_24080900,VTY0H0NQ83A2,GCFUDPNP08142024010534472,0914010000ca3803013aca3803069254,0x911024667874b106,LC1E3011038VB232012,,,,44,-391,14909,14909,39.05538611325096098881,0.00000000000000000000,0.00000000000000000000,44,-391,15125,15125,39.23324367286437563962,0.00000000000000000000,0.00000000000000000000,44,-391,15116,15116,39.44017941457451570386,0.00000000000000000000,0.00000000000000000000,-368
T240814010559091VCMCT9009T0,'20240814011005,2024-08-14 01:10:14:643,VCMCT9009T02,S7,C5027,240808A,EPSSWEXCEPTION_POR_F52_UDT_CUBE_MFG_A_C5027_2d105e6_24080900,VTY0H0NQ83A2,GCFUDPNP08142024010534472,0914010000ca3803013aca3803069254,0x911024667874b106,LC1E3011038VB232012,,,,45,-394,15034,15034,39.05879356407376690186,0.00000000000000000000,0.00000000000000000000,45,-394,15144,15144,39.23324367286437563962,0.00000000000000000000,0.00000000000000000000,45,-394,15123,15123,39.43325164229929669091,0.00000000000000000000,0.00000000000000000000,-368
T240814010559091VCMCT9009T0,'20240814011005,2024-08-14 01:10:14:643,VCMCT9009T02,S7,C5027,240808A,EPSSWEXCEPTION_POR_F52_UDT_CUBE_MFG_A_C5027_2d105e6_24080900,VTY0H0NQ83A2,GCFUDPNP08142024010534472,0914010000ca3803013aca3803069254,0x911024667874b106,LC1E3011038VB232012,,,,46,-397,15145,15145,39.05879356407376690186,0.00000000000000000000,0.00000000000000000000,46,-397,15138,15138,39.24011177116079807092,0.00000000000000000000,0.00000000000000000000,46,-397,15111,15111,39.44017941457451570386,0.00000000000000000000,0.00000000000000000000,-368
T240814010559091VCMCT9009T0,'20240814011005,2024-08-14 01:10:14:643,VCMCT9009T02,S7,C5027,240808A,EPSSWEXCEPTION_POR_F52_UDT_CUBE_MFG_A_C5027_2d105e6_24080900,VTY0H0NQ83A2,GCFUDPNP08142024010534472,0914010000ca3803013aca3803069254,0x911024667874b106,LC1E3011038VB232012,,,,47,-400,15178,15178,39.06220151795054107424,0.00000000000000000000,0.00000000000000000000,47,-400,15144,15144,39.22637761524305233252,0.00000000000000000000,0.00000000000000000000,47,-400,15119,15119,39.44017941457451570386,0.00000000000000000000,0.00000000000000000000,-368
T240814010559091VCMCT9009T0,'20240814011005,2024-08-14 01:10:14:643,VCMCT9009T02,S7,C5027,240808A,EPSSWEXCEPTION_POR_F52_UDT_CUBE_MFG_A_C5027_2d105e6_24080900,VTY0H0NQ83A2,GCFUDPNP08142024010534472,0914010000ca3803013aca3803069254,0x911024667874b106,LC1E3011038VB232012,,,,48,-404,15176,15176,39.06560997501935617038,0.00000000000000000000,0.00000000000000000000,48,-404,15152,15152,39.24011177116079807092,0.00000000000000000000,0.00000000000000000000,48,-404,15111,15111,39.44710926176469456550,0.00000000000000000000,0.00000000000000000000,-368
T240814010559091VCMCT9009T0,'20240814011005,2024-08-14 01:10:14:643,VCMCT9009T02,S7,C5027,240808A,EPSSWEXCEPTION_POR_F52_UDT_CUBE_MFG_A_C5027_2d105e6_24080900,VTY0H0NQ83A2,GCFUDPNP08142024010534472,0914010000ca3803013aca3803069254,0x911024667874b106,LC1E3011038VB232012,,,,49,-407,15161,15161,39.06220151795054107424,0.00000000000000000000,0.00000000000000000000,49,-407,15153,15153,39.24354658591465749851,0.00000000000000000000,0.00000000000000000000,49,-407,15126,15126,39.44364407873302980079,0.00000000000000000000,0.00000000000000000000,-368
T240814010559091VCMCT9009T0,'20240814011005,2024-08-14 01:10:14:643,VCMCT9009T02,S7,C5027,240808A,EPSSWEXCEPTION_POR_F52_UDT_CUBE_MFG_A_C5027_2d105e6_24080900,VTY0H0NQ83A2,GCFUDPNP08142024010534472,0914010000ca3803013aca3803069254,0x911024667874b106,LC1E3011038VB232012,,,,50,-411,15176,15176,39.06901893541839854151,0.00000000000000000000,0.00000000000000000000,50,-411,15156,15156,39.23667746685771362536,0.00000000000000000000,0.00000000000000000000,50,-411,15121,15121,39.44364407873302980079,0.00000000000000000000,0.00000000000000000000,-368
T240814010559091VCMCT9009T0,'20240814011005,2024-08-14 01:10:14:643,VCMCT9009T02,S7,C5027,240808A,EPSSWEXCEPTION_POR_F52_UDT_CUBE_MFG_A_C5027_2d105e6_24080900,VTY0H0NQ83A2,GCFUDPNP08142024010534472,0914010000ca3803013aca3803069254,0x911024667874b106,LC1E3011038VB232012,,,,51,-416,15183,15183,39.06560997501935617038,0.00000000000000000000,0.00000000000000000000,51,-416,15166,15166,39.24698191126032043030,0.00000000000000000000,0.00000000000000000000,51,-416,15119,15119,39.44017941457451570386,0.00000000000000000000,0.00000000000000000000,-368
T240814010559091VCMCT9009T0,'20240814011005,2024-08-14 01:10:14:643,VCMCT9009T02,S7,C5027,240808A,EPSSWEXCEPTION_POR_F52_UDT_CUBE_MFG_A_C5027_2d105e6_24080900,VTY0H0NQ83A2,GCFUDPNP08142024010534472,0914010000ca3803013aca3803069254,0x911024667874b106,LC1E3011038VB232012,,,,52,-420,15161,15161,39.06220151795054107424,0.00000000000000000000,0.00000000000000000000,52,-420,15167,15167,39.24354658591465749851,0.00000000000000000000,0.00000000000000000000,52,-420,15125,15125,39.44364407873302980079,0.00000000000000000000,0.00000000000000000000,-368
T240814010559091VCMCT9009T0,'20240814011005,2024-08-14 01:10:14:643,VCMCT9009T02,S7,C5027,240808A,EPSSWEXCEPTION_POR_F52_UDT_CUBE_MFG_A_C5027_2d105e6_24080900,VTY0H0NQ83A2,GCFUDPNP08142024010534472,0914010000ca3803013aca3803069254,0x911024667874b106,LC1E3011038VB232012,,,,53,-425,15169,15169,39.06220151795054107424,0.00000000000000000000,0.00000000000000000000,53,-425,15169,15169,39.24354658591465749851,0.00000000000000000000,0.00000000000000000000,53,-425,15112,15112,39.44710926176469456550,0.00000000000000000000,0.00000000000000000000,-368
T240814010559091VCMCT9009T0,'20240814011005,2024-08-14 01:10:14:643,VCMCT9009T02,S7,C5027,240808A,EPSSWEXCEPTION_POR_F52_UDT_CUBE_MFG_A_C5027_2d105e6_24080900,VTY0H0NQ83A2,GCFUDPNP08142024010534472,0914010000ca3803013aca3803069254,0x911024667874b106,LC1E3011038VB232012,,,,54,-430,15177,15177,39.06901893541839854151,0.00000000000000000000,0.00000000000000000000,54,-430,15161,15161,39.24354658591465749851,0.00000000000000000000,0.00000000000000000000,54,-430,15116,15116,39.44710926176469456550,0.00000000000000000000,0.00000000000000000000,-368
T240814010559091VCMCT9009T0,'20240814011005,2024-08-14 01:10:14:643,VCMCT9009T02,S7,C5027,240808A,EPSSWEXCEPTION_POR_F52_UDT_CUBE_MFG_A_C5027_2d105e6_24080900,VTY0H0NQ83A2,GCFUDPNP08142024010534472,0914010000ca3803013aca3803069254,0x911024667874b106,LC1E3011038VB232012,,,,55,-435,15163,15163,39.06560997501935617038,0.00000000000000000000,0.00000000000000000000,55,-435,15145,15145,39.24354658591465749851,0.00000000000000000000,0.00000000000000000000,55,-435,15114,15114,39.44710926176469456550,0.00000000000000000000,0.00000000000000000000,-368
T240814010559091VCMCT9009T0,'20240814011005,2024-08-14 01:10:14:643,VCMCT9009T02,S7,C5027,240808A,EPSSWEXCEPTION_POR_F52_UDT_CUBE_MFG_A_C5027_2d105e6_24080900,VTY0H0NQ83A2,GCFUDPNP08142024010534472,0914010000ca3803013aca3803069254,0x911024667874b106,LC1E3011038VB232012,,,,56,-440,15168,15168,39.06220151795054107424,0.00000000000000000000,0.00000000000000000000,56,-440,15156,15156,39.24354658591465749851,0.00000000000000000000,0.00000000000000000000,56,-440,15117,15117,39.44017941457451570386,0.00000000000000000000,0.00000000000000000000,-368
T240814010559091VCMCT9009T0,'20240814011005,2024-08-14 01:10:14:643,VCMCT9009T02,S7,C5027,240808A,EPSSWEXCEPTION_POR_F52_UDT_CUBE_MFG_A_C5027_2d105e6_24080900,VTY0H0NQ83A2,GCFUDPNP08142024010534472,0914010000ca3803013aca3803069254,0x911024667874b106,LC1E3011038VB232012,,,,57,-446,15167,15167,39.06560997501935617038,0.00000000000000000000,0.00000000000000000000,57,-446,15142,15142,39.24698191126032043030,0.00000000000000000000,0.00000000000000000000,57,-446,15116,15116,39.44017941457451570386,0.00000000000000000000,0.00000000000000000000,-368
T240814010559091VCMCT9009T0,'20240814011005,2024-08-14 01:10:14:643,VCMCT9009T02,S7,C5027,240808A,EPSSWEXCEPTION_POR_F52_UDT_CUBE_MFG_A_C5027_2d105e6_24080900,VTY0H0NQ83A2,GCFUDPNP08142024010534472,0914010000ca3803013aca3803069254,0x911024667874b106,LC1E3011038VB232012,,,,58,-452,15172,15172,39.06220151795054107424,0.00000000000000000000,0.00000000000000000000,58,-452,15145,15145,39.24354658591465749851,0.00000000000000000000,0.00000000000000000000,58,-452,15134,15134,39.44364407873302980079,0.00000000000000000000,0.00000000000000000000,-368
T240814010559091VCMCT9009T0,'20240814011005,2024-08-14 01:10:14:643,VCMCT9009T02,S7,C5027,240808A,EPSSWEXCEPTION_POR_F52_UDT_CUBE_MFG_A_C5027_2d105e6_24080900,VTY0H0NQ83A2,GCFUDPNP08142024010534472,0914010000ca3803013aca3803069254,0x911024667874b106,LC1E3011038VB232012,,,,59,-458,15168,15168,39.06901893541839854151,0.00000000000000000000,0.00000000000000000000,59,-458,15141,15141,39.24354658591465749851,0.00000000000000000000,0.00000000000000000000,59,-458,15149,15149,39.45057496381400596874,0.00000000000000000000,0.00000000000000000000,-368
T240814010559091VCMCT9009T0,'20240814011005,2024-08-14 01:10:14:643,VCMCT9009T02,S7,C5027,240808A,EPSSWEXCEPTION_POR_F52_UDT_CUBE_MFG_A_C5027_2d105e6_24080900,VTY0H0NQ83A2,GCFUDPNP08142024010534472,0914010000ca3803013aca3803069254,0x911024667874b106,LC1E3011038VB232012,,,,60,-464,15170,15170,39.06901893541839854151,0.00000000000000000000,0.00000000000000000000,60,-464,15135,15135,39.24698191126032043030,0.00000000000000000000,0.00000000000000000000,60,-464,15134,15134,39.44017941457451570386,0.00000000000000000000,0.00000000000000000000,-368
T240814010559091VCMCT9009T0,'20240814011005,2024-08-14 01:10:14:643,VCMCT9009T02,S7,C5027,240808A,EPSSWEXCEPTION_POR_F52_UDT_CUBE_MFG_A_C5027_2d105e6_24080900,VTY0H0NQ83A2,GCFUDPNP08142024010534472,0914010000ca3803013aca3803069254,0x911024667874b106,LC1E3011038VB232012,,,,61,-471,15178,15178,39.06560997501935617038,0.00000000000000000000,0.00000000000000000000,61,-471,15147,15147,39.25041774733898591876,0.00000000000000000000,0.00000000000000000000,61,-471,15141,15141,39.44710926176469456550,0.00000000000000000000,0.00000000000000000000,-368
T240814010559091VCMCT9009T0,'20240814011005,2024-08-14 01:10:14:643,VCMCT9009T02,S7,C5027,240808A,EPSSWEXCEPTION_POR_F52_UDT_CUBE_MFG_A_C5027_2d105e6_24080900,VTY0H0NQ83A2,GCFUDPNP08142024010534472,0914010000ca3803013aca3803069254,0x911024667874b106,LC1E3011038VB232012,,,,62,-478,15172,15172,39.06901893541839854151,0.00000000000000000000,0.00000000000000000000,62,-478,15151,15151,39.24698191126032043030,0.00000000000000000000,0.00000000000000000000,62,-478,15129,15129,39.45404118502551682468,0.00000000000000000000,0.00000000000000000000,-368
T240814010559091VCMCT9009T0,'20240814011005,2024-08-14 01:10:14:653,VCMCT9009T02,S7,C5027,240808A,EPSSWEXCEPTION_POR_F52_UDT_CUBE_MFG_A_C5027_2d105e6_24080900,VTY0H0NQ83A2,GCFUDPNP08142024010534472,0914010000ca3803013aca3803069254,0x911024667874b106,LC1E3011038VB232012,,,,63,-485,15171,15171,39.06560997501935617038,0.00000000000000000000,0.00000000000000000000,63,-485,15157,15157,39.24698191126032043030,0.00000000000000000000,0.00000000000000000000,63,-485,15127,15127,39.45057496381400596874,0.00000000000000000000,0.00000000000000000000,-368
T240814010559091VCMCT9009T0,'20240814011005,2024-08-14 01:10:14:653,VCMCT9009T02,S7,C5027,240808A,EPSSWEXCEPTION_POR_F52_UDT_CUBE_MFG_A_C5027_2d105e6_24080900,VTY0H0NQ83A2,GCFUDPNP08142024010534472,0914010000ca3803013aca3803069254,0x911024667874b106,LC1E3011038VB232012,,,,64,-492,15185,15185,39.06220151795054107424,0.00000000000000000000,0.00000000000000000000,64,-492,15162,15162,39.24698191126032043030,0.00000000000000000000,0.00000000000000000000,64,-492,15132,15132,39.45057496381400596874,0.00000000000000000000,0.00000000000000000000,-368
T240814010559091VCMCT9009T0,'20240814011005,2024-08-14 01:10:14:653,VCMCT9009T02,S7,C5027,240808A,EPSSWEXCEPTION_POR_F52_UDT_CUBE_MFG_A_C5027_2d105e6_24080900,VTY0H0NQ83A2,GCFUDPNP08142024010534472,0914010000ca3803013aca3803069254,0x911024667874b106,LC1E3011038VB232012,,,,65,-500,15177,15177,39.06560997501935617038,0.00000000000000000000,0.00000000000000000000,65,-500,15162,15162,39.25385409429185301633,0.00000000000000000000,0.00000000000000000000,65,-500,15151,15151,39.45057496381400596874,0.00000000000000000000,0.00000000000000000000,-368
T240814010559091VCMCT9009T0,'20240814011005,2024-08-14 01:10:14:653,VCMCT9009T02,S7,C5027,240808A,EPSSWEXCEPTION_POR_F52_UDT_CUBE_MFG_A_C5027_2d105e6_24080900,VTY0H0NQ83A2,GCFUDPNP08142024010534472,0914010000ca3803013aca3803069254,0x911024667874b106,LC1E3011038VB232012,,,,66,-508,15177,15177,39.06560997501935617038,0.00000000000000000000,0.00000000000000000000,66,-508,15165,15165,39.25385409429185301633,0.00000000000000000000,0.00000000000000000000,66,-508,15133,15133,39.45404118502551682468,0.00000000000000000000,0.00000000000000000000,-368
T240814010559091VCMCT9009T0,'20240814011005,2024-08-14 01:10:14:653,VCMCT9009T02,S7,C5027,240808A,EPSSWEXCEPTION_POR_F52_UDT_CUBE_MFG_A_C5027_2d105e6_24080900,VTY0H0NQ83A2,GCFUDPNP08142024010534472,0914010000ca3803013aca3803069254,0x911024667874b106,LC1E3011038VB232012,,,,67,-516,15187,15187,39.06901893541839854151,0.00000000000000000000,0.00000000000000000000,67,-516,15157,15157,39.25385409429185301633,0.00000000000000000000,0.00000000000000000000,67,-516,15134,15134,39.45404118502551682468,0.00000000000000000000,0.00000000000000000000,-368
T240814010559091VCMCT9009T0,'20240814011005,2024-08-14 01:10:14:653,VCMCT9009T02,S7,C5027,240808A,EPSSWEXCEPTION_POR_F52_UDT_CUBE_MFG_A_C5027_2d105e6_24080900,VTY0H0NQ83A2,GCFUDPNP08142024010534472,0914010000ca3803013aca3803069254,0x911024667874b106,LC1E3011038VB232012,,,,68,-524,15188,15188,39.06560997501935617038,0.00000000000000000000,0.00000000000000000000,68,-524,15168,15168,39.25385409429185301633,0.00000000000000000000,0.00000000000000000000,68,-524,15129,15129,39.45404118502551682468,0.00000000000000000000,0.00000000000000000000,-368
T240814010559091VCMCT9009T0,'20240814011005,2024-08-14 01:10:14:653,VCMCT9009T02,S7,C5027,240808A,EPSSWEXCEPTION_POR_F52_UDT_CUBE_MFG_A_C5027_2d105e6_24080900,VTY0H0NQ83A2,GCFUDPNP08142024010534472,0914010000ca3803013aca3803069254,0x911024667874b106,LC1E3011038VB232012,,,,69,-533,15185,15185,39.06901893541839854151,0.00000000000000000000,0.00000000000000000000,69,-533,15169,15169,39.25385409429185301633,0.00000000000000000000,0.00000000000000000000,69,-533,15153,15153,39.45750792554395047773,0.00000000000000000000,0.00000000000000000000,-368
T240814010559091VCMCT9009T0,'20240814011005,2024-08-14 01:10:14:653,VCMCT9009T02,S7,C5027,240808A,EPSSWEXCEPTION_POR_F52_UDT_CUBE_MFG_A_C5027_2d105e6_24080900,VTY0H0NQ83A2,GCFUDPNP08142024010534472,0914010000ca3803013aca3803069254,0x911024667874b106,LC1E3011038VB232012,,,,70,-542,15190,15190,39.06560997501935617038,0.00000000000000000000,0.00000000000000000000,70,-542,15163,15163,39.25729095226012077546,0.00000000000000000000,0.00000000000000000000,70,-542,15156,15156,39.46097518551380289864,0.00000000000000000000,0.00000000000000000000,-368
T240814010559091VCMCT9009T0,'20240814011005,2024-08-14 01:10:14:653,VCMCT9009T02,S7,C5027,240808A,EPSSWEXCEPTION_POR_F52_UDT_CUBE_MFG_A_C5027_2d105e6_24080900,VTY0H0NQ83A2,GCFUDPNP08142024010534472,0914010000ca3803013aca3803069254,0x911024667874b106,LC1E3011038VB232012,,,,71,-551,15189,15189,39.07242839928585453890,0.00000000000000000000,0.00000000000000000000,71,-551,15164,15164,39.25729095226012077546,0.00000000000000000000,0.00000000000000000000,71,-551,15147,15147,39.45750792554395047773,0.00000000000000000000,0.00000000000000000000,-368
T240814010559091VCMCT9009T0,'20240814011005,2024-08-14 01:10:14:653,VCMCT9009T02,S7,C5027,240808A,EPSSWEXCEPTION_POR_F52_UDT_CUBE_MFG_A_C5027_2d105e6_24080900,VTY0H0NQ83A2,GCFUDPNP08142024010534472,0914010000ca3803013aca3803069254,0x911024667874b106,LC1E3011038VB232012,,,,72,-560,15189,15189,39.06901893541839854151,0.00000000000000000000,0.00000000000000000000,72,-560,15155,15155,39.25729095226012077546,0.00000000000000000000,0.00000000000000000000,72,-560,15150,15150,39.46097518551380289864,0.00000000000000000000,0.00000000000000000000,-368
T240814010559091VCMCT9009T0,'20240814011005,2024-08-14 01:10:14:653,VCMCT9009T02,S7,C5027,240808A,EPSSWEXCEPTION_POR_F52_UDT_CUBE_MFG_A_C5027_2d105e6_24080900,VTY0H0NQ83A2,GCFUDPNP08142024010534472,0914010000ca3803013aca3803069254,0x911024667874b106,LC1E3011038VB232012,,,,73,-570,15191,15191,39.07242839928585453890,0.00000000000000000000,0.00000000000000000000,73,-570,15164,15164,39.26072832138510193545,0.00000000000000000000,0.00000000000000000000,73,-570,15142,15142,39.46444296507991111866,0.00000000000000000000,0.00000000000000000000,-368
T240814010559091VCMCT9009T0,'20240814011005,2024-08-14 01:10:14:653,VCMCT9009T02,S7,C5027,240808A,EPSSWEXCEPTION_POR_F52_UDT_CUBE_MFG_A_C5027_2d105e6_24080900,VTY0H0NQ83A2,GCFUDPNP08142024010534472,0914010000ca3803013aca3803069254,0x911024667874b106,LC1E3011038VB232012,,,,74,-579,15181,15181,39.06901893541839854151,0.00000000000000000000,0.00000000000000000000,74,-579,15171,15171,39.26416620180827976583,0.00000000000000000000,0.00000000000000000000,74,-579,15146,15146,39.46444296507991111866,0.00000000000000000000,0.00000000000000000000,-368
T240814010559091VCMCT9009T0,'20240814011005,2024-08-14 01:10:14:653,VCMCT9009T02,S7,C5027,240808A,EPSSWEXCEPTION_POR_F52_UDT_CUBE_MFG_A_C5027_2d105e6_24080900,VTY0H0NQ83A2,GCFUDPNP08142024010534472,0914010000ca3803013aca3803069254,0x911024667874b106,LC1E3011038VB232012,,,,75,-589,15181,15181,39.07924883797926440820,0.00000000000000000000,0.00000000000000000000,75,-589,15166,15166,39.26416620180827976583,0.00000000000000000000,0.00000000000000000000,75,-589,15144,15144,39.46444296507991111866,0.00000000000000000000,0.00000000000000000000,-368
T240814010559091VCMCT9009T0,'20240814011005,2024-08-14 01:10:14:653,VCMCT9009T02,S7,C5027,240808A,EPSSWEXCEPTION_POR_F52_UDT_CUBE_MFG_A_C5027_2d105e6_24080900,VTY0H0NQ83A2,GCFUDPNP08142024010534472,0914010000ca3803013aca3803069254,0x911024667874b106,LC1E3011038VB232012,,,,76,-600,15188,15188,39.07242839928585453890,0.00000000000000000000,0.00000000000000000000,76,-600,15170,15170,39.26416620180827976583,0.00000000000000000000,0.00000000000000000000,76,-600,15154,15154,39.46097518551380289864,0.00000000000000000000,0.00000000000000000000,-368
T240814010559091VCMCT9009T0,'20240814011005,2024-08-14 01:10:14:653,VCMCT9009T02,S7,C5027,240808A,EPSSWEXCEPTION_POR_F52_UDT_CUBE_MFG_A_C5027_2d105e6_24080900,VTY0H0NQ83A2,GCFUDPNP08142024010534472,0914010000ca3803013aca3803069254,0x911024667874b106,LC1E3011038VB232012,,,,77,-610,15194,15194,39.07583836676002420063,0.00000000000000000000,0.00000000000000000000,77,-610,15170,15170,39.26416620180827976583,0.00000000000000000000,0.00000000000000000000,77,-610,15144,15144,39.46444296507991111866,0.00000000000000000000,0.00000000000000000000,-368
T240814010559091VCMCT9009T0,'20240814011005,2024-08-14 01:10:14:653,VCMCT9009T02,S7,C5027,240808A,EPSSWEXCEPTION_POR_F52_UDT_CUBE_MFG_A_C5027_2d105e6_24080900,VTY0H0NQ83A2,GCFUDPNP08142024010534472,0914010000ca3803013aca3803069254,0x911024667874b106,LC1E3011038VB232012,,,,78,-621,15184,15184,39.07583836676002420063,0.00000000000000000000,0.00000000000000000000,78,-621,15172,15172,39.26760459367102384931,0.00000000000000000000,0.00000000000000000000,78,-621,15142,15142,39.46097518551380289864,0.00000000000000000000,0.00000000000000000000,-368
T240814010559091VCMCT9009T0,'20240814011005,2024-08-14 01:10:14:653,VCMCT9009T02,S7,C5027,240808A,EPSSWEXCEPTION_POR_F52_UDT_CUBE_MFG_A_C5027_2d105e6_24080900,VTY0H0NQ83A2,GCFUDPNP08142024010534472,0914010000ca3803013aca3803069254,0x911024667874b106,LC1E3011038VB232012,,,,79,-632,15198,15198,39.07924883797926440820,0.00000000000000000000,0.00000000000000000000,79,-632,15167,15167,39.26760459367102384931,0.00000000000000000000,0.00000000000000000000,79,-632,15127,15127,39.46791126438699848222,0.00000000000000000000,0.00000000000000000000,-368
T240814010559091VCMCT9009T0,'20240814011005,2024-08-14 01:10:14:653,VCMCT9009T02,S7,C5027,240808A,EPSSWEXCEPTION_POR_F52_UDT_CUBE_MFG_A_C5027_2d105e6_24080900,VTY0H0NQ83A2,GCFUDPNP08142024010534472,0914010000ca3803013aca3803069254,0x911024667874b106,LC1E3011038VB232012,,,,80,-643,15200,15200,39.07924883797926440820,0.00000000000000000000,0.00000000000000000000,80,-643,15162,15162,39.26416620180827976583,0.00000000000000000000,0.00000000000000000000,80,-643,15134,15134,39.46791126438699848222,0.00000000000000000000,0.00000000000000000000,-368
T240814010559091VCMCT9009T0,'20240814011005,2024-08-14 01:10:14:653,VCMCT9009T02,S7,C5027,240808A,EPSSWEXCEPTION_POR_F52_UDT_CUBE_MFG_A_C5027_2d105e6_24080900,VTY0H0NQ83A2,GCFUDPNP08142024010534472,0914010000ca3803013aca3803069254,0x911024667874b106,LC1E3011038VB232012,,,,81,-654,15201,15201,39.07583836676002420063,0.00000000000000000000,0.00000000000000000000,81,-654,15174,15174,39.26760459367102384931,0.00000000000000000000,0.00000000000000000000,81,-654,15141,15141,39.46791126438699848222,0.00000000000000000000,0.00000000000000000000,-368
T240814010559091VCMCT9009T0,'20240814011005,2024-08-14 01:10:14:653,VCMCT9009T02,S7,C5027,240808A,EPSSWEXCEPTION_POR_F52_UDT_CUBE_MFG_A_C5027_2d105e6_24080900,VTY0H0NQ83A2,GCFUDPNP08142024010534472,0914010000ca3803013aca3803069254,0x911024667874b106,LC1E3011038VB232012,,,,82,-666,15187,15187,39.07583836676002420063,0.00000000000000000000,0.00000000000000000000,82,-666,15160,15160,39.26760459367102384931,0.00000000000000000000,0.00000000000000000000,82,-666,15143,15143,39.46791126438699848222,0.00000000000000000000,0.00000000000000000000,-368
T240814010559091VCMCT9009T0,'20240814011005,2024-08-14 01:10:14:653,VCMCT9009T02,S7,C5027,240808A,EPSSWEXCEPTION_POR_F52_UDT_CUBE_MFG_A_C5027_2d105e6_24080900,VTY0H0NQ83A2,GCFUDPNP08142024010534472,0914010000ca3803013aca3803069254,0x911024667874b106,LC1E3011038VB232012,,,,83,-678,15190,15190,39.07924883797926440820,0.00000000000000000000,0.00000000000000000000,83,-678,15166,15166,39.26416620180827976583,0.00000000000000000000,0.00000000000000000000,83,-678,15140,15140,39.46791126438699848222,0.00000000000000000000,0.00000000000000000000,-368
T240814010559091VCMCT9009T0,'20240814011005,2024-08-14 01:10:14:653,VCMCT9009T02,S7,C5027,240808A,EPSSWEXCEPTION_POR_F52_UDT_CUBE_MFG_A_C5027_2d105e6_24080900,VTY0H0NQ83A2,GCFUDPNP08142024010534472,0914010000ca3803013aca3803069254,0x911024667874b106,LC1E3011038VB232012,,,,84,-690,15174,15174,39.07924883797926440820,0.00000000000000000000,0.00000000000000000000,84,-690,15152,15152,39.26760459367102384931,0.00000000000000000000,0.00000000000000000000,84,-690,15134,15134,39.46791126438699848222,0.00000000000000000000,0.00000000000000000000,-368
T240814010559091VCMCT9009T0,'20240814011005,2024-08-14 01:10:14:653,VCMCT9009T02,S7,C5027,240808A,EPSSWEXCEPTION_POR_F52_UDT_CUBE_MFG_A_C5027_2d105e6_24080900,VTY0H0NQ83A2,GCFUDPNP08142024010534472,0914010000ca3803013aca3803069254,0x911024667874b106,LC1E3011038VB232012,,,,85,-702,15179,15179,39.07924883797926440820,0.00000000000000000000,0.00000000000000000000,85,-702,15160,15160,39.26760459367102384931,0.00000000000000000000,0.00000000000000000000,85,-702,15139,15139,39.46444296507991111866,0.00000000000000000000,0.00000000000000000000,-368
T240814010559091VCMCT9009T0,'20240814011005,2024-08-14 01:10:14:653,VCMCT9009T02,S7,C5027,240808A,EPSSWEXCEPTION_POR_F52_UDT_CUBE_MFG_A_C5027_2d105e6_24080900,VTY0H0NQ83A2,GCFUDPNP08142024010534472,0914010000ca3803013aca3803069254,0x911024667874b106,LC1E3011038VB232012,,,,86,-715,15176,15176,39.07583836676002420063,0.00000000000000000000,0.00000000000000000000,86,-715,15164,15164,39.27104349711476061202,0.00000000000000000000,0.00000000000000000000,86,-715,15154,15154,39.47138008358001570741,0.00000000000000000000,0.00000000000000000000,-368
T240814010559091VCMCT9009T0,'20240814011005,2024-08-14 01:10:14:653,VCMCT9009T02,S7,C5027,240808A,EPSSWEXCEPTION_POR_F52_UDT_CUBE_MFG_A_C5027_2d105e6_24080900,VTY0H0NQ83A2,GCFUDPNP08142024010534472,0914010000ca3803013aca3803069254,0x911024667874b106,LC1E3011038VB232012,,,,87,-728,15186,15186,39.07924883797926440820,0.00000000000000000000,0.00000000000000000000,87,-728,15167,15167,39.27104349711476061202,0.00000000000000000000,0.00000000000000000000,87,-728,15152,15152,39.46791126438699848222,0.00000000000000000000,0.00000000000000000000,-368
T240814010559091VCMCT9009T0,'20240814011005,2024-08-14 01:10:14:653,VCMCT9009T02,S7,C5027,240808A,EPSSWEXCEPTION_POR_F52_UDT_CUBE_MFG_A_C5027_2d105e6_24080900,VTY0H0NQ83A2,GCFUDPNP08142024010534472,0914010000ca3803013aca3803069254,0x911024667874b106,LC1E3011038VB232012,,,,88,-741,15187,15187,39.07924883797926440820,0.00000000000000000000,0.00000000000000000000,88,-741,15155,15155,39.27104349711476061202,0.00000000000000000000,0.00000000000000000000,88,-741,15158,15158,39.46791126438699848222,0.00000000000000000000,0.00000000000000000000,-368
T240814010559091VCMCT9009T0,'20240814011005,2024-08-14 01:10:14:653,VCMCT9009T02,S7,C5027,240808A,EPSSWEXCEPTION_POR_F52_UDT_CUBE_MFG_A_C5027_2d105e6_24080900,VTY0H0NQ83A2,GCFUDPNP08142024010534472,0914010000ca3803013aca3803069254,0x911024667874b106,LC1E3011038VB232012,,,,89,-754,15187,15187,39.07924883797926440820,0.00000000000000000000,0.00000000000000000000,89,-754,15174,15174,39.26760459367102384931,0.00000000000000000000,0.00000000000000000000,89,-754,15151,15151,39.46791126438699848222,0.00000000000000000000,0.00000000000000000000,-368
T240814010559091VCMCT9009T0,'20240814011005,2024-08-14 01:10:14:653,VCMCT9009T02,S7,C5027,240808A,EPSSWEXCEPTION_POR_F52_UDT_CUBE_MFG_A_C5027_2d105e6_24080900,VTY0H0NQ83A2,GCFUDPNP08142024010534472,0914010000ca3803013aca3803069254,0x911024667874b106,LC1E3011038VB232012,,,,90,-768,15212,15212,39.07924883797926440820,0.00000000000000000000,0.00000000000000000000,90,-768,15190,15190,39.27104349711476061202,0.00000000000000000000,0.00000000000000000000,90,-768,15152,15152,39.47138008358001570741,0.00000000000000000000,0.00000000000000000000,-368
T240814010559091VCMCT9009T0,'20240814011005,2024-08-14 01:10:14:653,VCMCT9009T02,S7,C5027,240808A,EPSSWEXCEPTION_POR_F52_UDT_CUBE_MFG_A_C5027_2d105e6_24080900,VTY0H0NQ83A2,GCFUDPNP08142024010534472,0914010000ca3803013aca3803069254,0x911024667874b106,LC1E3011038VB232012,,,,91,-782,15209,15209,39.08607129220649767376,0.00000000000000000000,0.00000000000000000000,91,-782,15195,15195,39.26416620180827976583,0.00000000000000000000,0.00000000000000000000,91,-782,15159,15159,39.47831928220324471113,0.00000000000000000000,0.00000000000000000000,-368
T240814010559091VCMCT9009T0,'20240814011005,2024-08-14 01:10:14:653,VCMCT9009T02,S7,C5027,240808A,EPSSWEXCEPTION_POR_F52_UDT_CUBE_MFG_A_C5027_2d105e6_24080900,VTY0H0NQ83A2,GCFUDPNP08142024010534472,0914010000ca3803013aca3803069254,0x911024667874b106,LC1E3011038VB232012,,,,92,-796,15203,15203,39.08607129220649767376,0.00000000000000000000,0.00000000000000000000,92,-796,15188,15188,39.26760459367102384931,0.00000000000000000000,0.00000000000000000000,92,-796,15162,15162,39.47138008358001570741,0.00000000000000000000,0.00000000000000000000,-368
T240814010559091VCMCT9009T0,'20240814011005,2024-08-14 01:10:14:653,VCMCT9009T02,S7,C5027,240808A,EPSSWEXCEPTION_POR_F52_UDT_CUBE_MFG_A_C5027_2d105e6_24080900,VTY0H0NQ83A2,GCFUDPNP08142024010534472,0914010000ca3803013aca3803069254,0x911024667874b106,LC1E3011038VB232012,,,,93,-810,15214,15214,39.08607129220649767376,0.00000000000000000000,0.00000000000000000000,93,-810,15175,15175,39.27448291228103016692,0.00000000000000000000,0.00000000000000000000,93,-810,15177,15177,39.47484942280374298207,0.00000000000000000000,0.00000000000000000000,-368
T240814010559091VCMCT9009T0,'20240814011005,2024-08-14 01:10:14:653,VCMCT9009T02,S7,C5027,240808A,EPSSWEXCEPTION_POR_F52_UDT_CUBE_MFG_A_C5027_2d105e6_24080900,VTY0H0NQ83A2,GCFUDPNP08142024010534472,0914010000ca3803013aca3803069254,0x911024667874b106,LC1E3011038VB232012,,,,94,-825,15208,15208,39.08265981308193204313,0.00000000000000000000,0.00000000000000000000,94,-825,15190,15190,39.27104349711476061202,0.00000000000000000000,0.00000000000000000000,94,-825,15175,15175,39.47831928220324471113,0.00000000000000000000,0.00000000000000000000,-368
T240814010559091VCMCT9009T0,'20240814011005,2024-08-14 01:10:14:653,VCMCT9009T02,S7,C5027,240808A,EPSSWEXCEPTION_POR_F52_UDT_CUBE_MFG_A_C5027_2d105e6_24080900,VTY0H0NQ83A2,GCFUDPNP08142024010534472,0914010000ca3803013aca3803069254,0x911024667874b106,LC1E3011038VB232012,,,,95,-840,15208,15208,39.08607129220649767376,0.00000000000000000000,0.00000000000000000000,95,-840,15194,15194,39.27448291228103016692,0.00000000000000000000,0.00000000000000000000,95,-840,15157,15157,39.48178966192352845610,0.00000000000000000000,0.00000000000000000000,-368
T240814010559091VCMCT9009T0,'20240814011005,2024-08-14 01:10:14:653,VCMCT9009T02,S7,C5027,240808A,EPSSWEXCEPTION_POR_F52_UDT_CUBE_MFG_A_C5027_2d105e6_24080900,VTY0H0NQ83A2,GCFUDPNP08142024010534472,0914010000ca3803013aca3803069254,0x911024667874b106,LC1E3011038VB232012,,,,96,-855,15217,15217,39.08607129220649767376,0.00000000000000000000,0.00000000000000000000,96,-855,15181,15181,39.28136327834783969593,0.00000000000000000000,0.00000000000000000000,96,-855,15169,15169,39.47831928220324471113,0.00000000000000000000,0.00000000000000000000,-368
T240814010559091VCMCT9009T0,'20240814011005,2024-08-14 01:10:14:663,VCMCT9009T02,S7,C5027,240808A,EPSSWEXCEPTION_POR_F52_UDT_CUBE_MFG_A_C5027_2d105e6_24080900,VTY0H0NQ83A2,GCFUDPNP08142024010534472,0914010000ca3803013aca3803069254,0x911024667874b106,LC1E3011038VB232012,,,,97,-870,15212,15212,39.08948327549143186843,0.00000000000000000000,0.00000000000000000000,97,-870,15187,15187,39.27448291228103016692,0.00000000000000000000,0.00000000000000000000,97,-870,15169,15169,39.47484942280374298207,0.00000000000000000000,0.00000000000000000000,-368
T240814010559091VCMCT9009T0,'20240814011005,2024-08-14 01:10:14:663,VCMCT9009T02,S7,C5027,240808A,EPSSWEXCEPTION_POR_F52_UDT_CUBE_MFG_A_C5027_2d105e6_24080900,VTY0H0NQ83A2,GCFUDPNP08142024010534472,0914010000ca3803013aca3803069254,0x911024667874b106,LC1E3011038VB232012,,,,98,-886,15208,15208,39.08948327549143186843,0.00000000000000000000,0.00000000000000000000,98,-886,15189,15189,39.27792283931148631382,0.00000000000000000000,0.00000000000000000000,98,-886,15168,15168,39.47484942280374298207,0.00000000000000000000,0.00000000000000000000,-368
T240814010559091VCMCT9009T0,'20240814011005,2024-08-14 01:10:14:663,VCMCT9009T02,S7,C5027,240808A,EPSSWEXCEPTION_POR_F52_UDT_CUBE_MFG_A_C5027_2d105e6_24080900,VTY0H0NQ83A2,GCFUDPNP08142024010534472,0914010000ca3803013aca3803069254,0x911024667874b106,LC1E3011038VB232012,,,,99,-901,15215,15215,39.08607129220649767376,0.00000000000000000000,0.00000000000000000000,99,-901,15188,15188,39.27448291228103016692,0.00000000000000000000,0.00000000000000000000,99,-901,15168,15168,39.47831928220324471113,0.00000000000000000000,0.00000000000000000000,-368
T240814010559091VCMCT9009T0,'20240814011005,2024-08-14 01:10:14:663,VCMCT9009T02,S7,C5027,240808A,EPSSWEXCEPTION_POR_F52_UDT_CUBE_MFG_A_C5027_2d105e6_24080900,VTY0H0NQ83A2,GCFUDPNP08142024010534472,0914010000ca3803013aca3803069254,0x911024667874b106,LC1E3011038VB232012,,,,100,-917,15211,15211,39.09630875509668612722,0.00000000000000000000,0.00000000000000000000,100,-917,15196,15196,39.27792283931148631382,0.00000000000000000000,0.00000000000000000000,100,-917,15162,15162,39.48526056210965862192,0.00000000000000000000,0.00000000000000000000,-368
T240814010559091VCMCT9009T0,'20240814011005,2024-08-14 01:10:14:663,VCMCT9009T02,S7,C5027,240808A,EPSSWEXCEPTION_POR_F52_UDT_CUBE_MFG_A_C5027_2d105e6_24080900,VTY0H0NQ83A2,GCFUDPNP08142024010534472,0914010000ca3803013aca3803069254,0x911024667874b106,LC1E3011038VB232012,,,,101,-934,15207,15207,39.09289576307531888233,0.00000000000000000000,0.00000000000000000000,101,-934,15197,15197,39.28480422953163042621,0.00000000000000000000,0.00000000000000000000,101,-934,15153,15153,39.48873198290681330036,0.00000000000000000000,0.00000000000000000000,-368
T240814010559091VCMCT9009T0,'20240814011005,2024-08-14 01:10:14:663,VCMCT9009T02,S7,C5027,240808A,EPSSWEXCEPTION_POR_F52_UDT_CUBE_MFG_A_C5027_2d105e6_24080900,VTY0H0NQ83A2,GCFUDPNP08142024010534472,0914010000ca3803013aca3803069254,0x911024667874b106,LC1E3011038VB232012,,,,102,-950,15207,15207,39.09289576307531888233,0.00000000000000000000,0.00000000000000000000,102,-950,15196,15196,39.28136327834783969593,0.00000000000000000000,0.00000000000000000000,102,-950,15156,15156,39.48873198290681330036,0.00000000000000000000,0.00000000000000000000,-368
T240814010559091VCMCT9009T0,'20240814011005,2024-08-14 01:10:14:663,VCMCT9009T02,S7,C5027,240808A,EPSSWEXCEPTION_POR_F52_UDT_CUBE_MFG_A_C5027_2d105e6_24080900,VTY0H0NQ83A2,GCFUDPNP08142024010534472,0914010000ca3803013aca3803069254,0x911024667874b106,LC1E3011038VB232012,,,,103,-967,15193,15193,39.09630875509668612722,0.00000000000000000000,0.00000000000000000000,103,-967,15196,15196,39.28824569300485336498,0.00000000000000000000,0.00000000000000000000,103,-967,15171,15171,39.48526056210965862192,0.00000000000000000000,0.00000000000000000000,-368
T240814010559091VCMCT9009T0,'20240814011005,2024-08-14 01:10:14:663,VCMCT9009T02,S7,C5027,240808A,EPSSWEXCEPTION_POR_F52_UDT_CUBE_MFG_A_C5027_2d105e6_24080900,VTY0H0NQ83A2,GCFUDPNP08142024010534472,0914010000ca3803013aca3803069254,0x911024667874b106,LC1E3011038VB232012,,,,104,-984,15204,15204,39.08948327549143186843,0.00000000000000000000,0.00000000000000000000,104,-984,15202,15202,39.28824569300485336498,0.00000000000000000000,0.00000000000000000000,104,-984,15149,15149,39.48526056210965862192,0.00000000000000000000,0.00000000000000000000,-368
T240814010559091VCMCT9009T0,'20240814011005,2024-08-14 01:10:14:663,VCMCT9009T02,S7,C5027,240808A,EPSSWEXCEPTION_POR_F52_UDT_CUBE_MFG_A_C5027_2d105e6_24080900,VTY0H0NQ83A2,GCFUDPNP08142024010534472,0914010000ca3803013aca3803069254,0x911024667874b106,LC1E3011038VB232012,,,,105,-1001,15204,15204,39.08948327549143186843,0.00000000000000000000,0.00000000000000000000,105,-1001,15197,15197,39.28824569300485336498,0.00000000000000000000,0.00000000000000000000,105,-1001,15154,15154,39.48526056210965862192,0.00000000000000000000,0.00000000000000000000,-368
T240814010559091VCMCT9009T0,'20240814011005,2024-08-14 01:10:14:663,VCMCT9009T02,S7,C5027,240808A,EPSSWEXCEPTION_POR_F52_UDT_CUBE_MFG_A_C5027_2d105e6_24080900,VTY0H0NQ83A2,GCFUDPNP08142024010534472,0914010000ca3803013aca3803069254,0x911024667874b106,LC1E3011038VB232012,,,,106,-1018,15207,15207,39.08607129220649767376,0.00000000000000000000,0.00000000000000000000,106,-1018,15188,15188,39.28480422953163042621,0.00000000000000000000,0.00000000000000000000,106,-1018,15155,15155,39.48526056210965862192,0.00000000000000000000,0.00000000000000000000,-368
T240814010559091VCMCT9009T0,'20240814011005,2024-08-14 01:10:14:663,VCMCT9009T02,S7,C5027,240808A,EPSSWEXCEPTION_POR_F52_UDT_CUBE_MFG_A_C5027_2d105e6_24080900,VTY0H0NQ83A2,GCFUDPNP08142024010534472,0914010000ca3803013aca3803069254,0x911024667874b106,LC1E3011038VB232012,,,,107,-1023,15216,15216,39.08948327549143186843,0.00000000000000000000,0.00000000000000000000,107,-1023,15199,15199,39.28824569300485336498,0.00000000000000000000,0.00000000000000000000,107,-1023,15150,15150,39.48873198290681330036,0.00000000000000000000,0.00000000000000000000,-368
T240814010559091VCMCT9009T0,'20240814011005,2024-08-14 01:10:14:663,VCMCT9009T02,S7,C5027,240808A,EPSSWEXCEPTION_POR_F52_UDT_CUBE_MFG_A_C5027_2d105e6_24080900,VTY0H0NQ83A2,GCFUDPNP08142024010534472,0914010000ca3803013aca3803069254,0x911024667874b106,LC1E3011038VB232012,,,,108,-1023,15220,15220,39.10313625300682360830,0.00000000000000000000,0.00000000000000000000,108,-1023,15184,15184,39.29168766890910546863,0.00000000000000000000,0.00000000000000000000,108,-1023,15160,15160,39.49220392446011373977,0.00000000000000000000,0.00000000000000000000,-368
T240814010559091VCMCT9009T0,'20240814011005,2024-08-14 01:10:14:663,VCMCT9009T02,S7,C5027,240808A,EPSSWEXCEPTION_POR_F52_UDT_CUBE_MFG_A_C5027_2d105e6_24080900,VTY0H0NQ83A2,GCFUDPNP08142024010534472,0914010000ca3803013aca3803069254,0x911024667874b106,LC1E3011038VB232012,,,,109,-1023,15207,15207,39.10313625300682360830,0.00000000000000000000,0.00000000000000000000,109,-1023,15176,15176,39.29168766890910546863,0.00000000000000000000,0.00000000000000000000,109,-1023,15161,15161,39.48873198290681330036,0.00000000000000000000,0.00000000000000000000,-368
T240814010559091VCMCT9009T0,'20240814011005,2024-08-14 01:10:14:663,VCMCT9009T02,S7,C5027,240808A,EPSSWEXCEPTION_POR_F52_UDT_CUBE_MFG_A_C5027_2d105e6_24080900,VTY0H0NQ83A2,GCFUDPNP08142024010534472,0914010000ca3803013aca3803069254,0x911024667874b106,LC1E3011038VB232012,,,,110,-1023,15220,15220,39.10313625300682360830,0.00000000000000000000,0.00000000000000000000,110,-1023,15173,15173,39.29513015738643844088,0.00000000000000000000,0.00000000000000000000,110,-1023,15137,15137,39.48526056210965862192,0.00000000000000000000,0.00000000000000000000,-368
T240814010559091VCMCT9009T0,'20240814011005,2024-08-14 01:10:14:663,VCMCT9009T02,S7,C5027,240808A,EPSSWEXCEPTION_POR_F52_UDT_CUBE_MFG_A_C5027_2d105e6_24080900,VTY0H0NQ83A2,GCFUDPNP08142024010534472,0914010000ca3803013aca3803069254,0x911024667874b106,LC1E3011038VB232012,,,,111,-1023,15212,15212,39.10655075917298972854,0.00000000000000000000,0.00000000000000000000,111,-1023,15175,15175,39.29168766890910546863,0.00000000000000000000,0.00000000000000000000,111,-1023,15153,15153,39.48873198290681330036,0.00000000000000000000,0.00000000000000000000,-368
T240814010559091VCMCT9009T0,'20240814011005,2024-08-14 01:10:14:663,VCMCT9009T02,S7,C5027,240808A,EPSSWEXCEPTION_POR_F52_UDT_CUBE_MFG_A_C5027_2d105e6_24080900,VTY0H0NQ83A2,GCFUDPNP08142024010534472,0914010000ca3803013aca3803069254,0x911024667874b106,LC1E3011038VB232012,,,,112,-1023,15211,15211,39.10313625300682360830,0.00000000000000000000,0.00000000000000000000,112,-1023,15170,15170,39.29513015738643844088,0.00000000000000000000,0.00000000000000000000,112,-1023,15166,15166,39.49220392446011373977,0.00000000000000000000,0.00000000000000000000,-368
T240814010559091VCMCT9009T0,'20240814011005,2024-08-14 01:10:14:663,VCMCT9009T02,S7,C5027,240808A,EPSSWEXCEPTION_POR_F52_UDT_CUBE_MFG_A_C5027_2d105e6_24080900,VTY0H0NQ83A2,GCFUDPNP08142024010534472,0914010000ca3803013aca3803069254,0x911024667874b106,LC1E3011038VB232012,,,,113,-1023,15211,15211,39.10313625300682360830,0.00000000000000000000,0.00000000000000000000,113,-1023,15175,15175,39.29168766890910546863,0.00000000000000000000,0.00000000000000000000,113,-1023,15174,15174,39.49567638691490856218,0.00000000000000000000,0.00000000000000000000,-368
T240814010559091VCMCT9009T0,'20240814011005,2024-08-14 01:10:14:663,VCMCT9009T02,S7,C5027,240808A,EPSSWEXCEPTION_POR_F52_UDT_CUBE_MFG_A_C5027_2d105e6_24080900,VTY0H0NQ83A2,GCFUDPNP08142024010534472,0914010000ca3803013aca3803069254,0x911024667874b106,LC1E3011038VB232012,,,,114,-1023,15213,15213,39.10655075917298972854,0.00000000000000000000,0.00000000000000000000,114,-1023,15185,15185,39.29513015738643844088,0.00000000000000000000,0.00000000000000000000,114,-1023,15162,15162,39.49914937041648954619,0.00000000000000000000,0.00000000000000000000,-368
T240814010559091VCMCT9009T0,'20240814011005,2024-08-14 01:10:14:663,VCMCT9009T02,S7,C5027,240808A,EPSSWEXCEPTION_POR_F52_UDT_CUBE_MFG_A_C5027_2d105e6_24080900,VTY0H0NQ83A2,GCFUDPNP08142024010534472,0914010000ca3803013aca3803069254,0x911024667874b106,LC1E3011038VB232012,,,,115,-1023,15214,15214,39.11338128662197277663,0.00000000000000000000,0.00000000000000000000,115,-1023,15183,15183,39.30201667262792852853,0.00000000000000000000,0.00000000000000000000,115,-1023,15164,15164,39.49914937041648954619,0.00000000000000000000,0.00000000000000000000,-368
T240814010559091VCMCT9009T0,'20240814011005,2024-08-14 01:10:14:663,VCMCT9009T02,S7,C5027,240808A,EPSSWEXCEPTION_POR_F52_UDT_CUBE_MFG_A_C5027_2d105e6_24080900,VTY0H0NQ83A2,GCFUDPNP08142024010534472,0914010000ca3803013aca3803069254,0x911024667874b106,LC1E3011038VB232012,,,,116,-1023,15208,15208,39.10655075917298972854,0.00000000000000000000,0.00000000000000000000,116,-1023,15198,15198,39.29857315857867661180,0.00000000000000000000,0.00000000000000000000,116,-1023,15165,15165,39.50262287511026215725,0.00000000000000000000,0.00000000000000000000,-368
T240814010559091VCMCT9009T0,'20240814011005,2024-08-14 01:10:14:663,VCMCT9009T02,S7,C5027,240808A,EPSSWEXCEPTION_POR_F52_UDT_CUBE_MFG_A_C5027_2d105e6_24080900,VTY0H0NQ83A2,GCFUDPNP08142024010534472,0914010000ca3803013aca3803069254,0x911024667874b106,LC1E3011038VB232012,,,,117,-1023,15197,15197,39.11338128662197277663,0.00000000000000000000,0.00000000000000000000,117,-1023,15178,15178,39.29168766890910546863,0.00000000000000000000,0.00000000000000000000,117,-1023,15177,15177,39.50262287511026215725,0.00000000000000000000,0.00000000000000000000,-368
T240814010559091VCMCT9009T0,'20240814011005,2024-08-14 01:10:14:663,VCMCT9009T02,S7,C5027,240808A,EPSSWEXCEPTION_POR_F52_UDT_CUBE_MFG_A_C5027_2d105e6_24080900,VTY0H0NQ83A2,GCFUDPNP08142024010534472,0914010000ca3803013aca3803069254,0x911024667874b106,LC1E3011038VB232012,,,,118,-1023,15187,15187,39.10313625300682360830,0.00000000000000000000,0.00000000000000000000,118,-1023,15180,15180,39.29857315857867661180,0.00000000000000000000,0.00000000000000000000,118,-1023,15159,15159,39.50262287511026215725,0.00000000000000000000,0.00000000000000000000,-368
T240814010559091VCMCT9009T0,'20240814011005,2024-08-14 01:10:14:663,VCMCT9009T02,S7,C5027,240808A,EPSSWEXCEPTION_POR_F52_UDT_CUBE_MFG_A_C5027_2d105e6_24080900,VTY0H0NQ83A2,GCFUDPNP08142024010534472,0914010000ca3803013aca3803069254,0x911024667874b106,LC1E3011038VB232012,,,,119,-1023,15180,15180,39.11338128662197277663,0.00000000000000000000,0.00000000000000000000,119,-1023,15186,15186,39.30201667262792852853,0.00000000000000000000,0.00000000000000000000,119,-1023,15165,15165,39.50609690114157501739,0.00000000000000000000,0.00000000000000000000,-368
T240814010559091VCMCT9009T0,'20240814011005,2024-08-14 01:10:14:663,VCMCT9009T02,S7,C5027,240808A,EPSSWEXCEPTION_POR_F52_UDT_CUBE_MFG_A_C5027_2d105e6_24080900,VTY0H0NQ83A2,GCFUDPNP08142024010534472,0914010000ca3803013aca3803069254,0x911024667874b106,LC1E3011038VB232012,,,,120,-1023,15186,15186,39.11679730818252664903,0.00000000000000000000,0.00000000000000000000,120,-1023,15187,15187,39.29857315857867661180,0.00000000000000000000,0.00000000000000000000,120,-1023,15157,15157,39.50262287511026215725,0.00000000000000000000,0.00000000000000000000,-368
T240814010559091VCMCT9009T0,'20240814011005,2024-08-14 01:10:14:663,VCMCT9009T02,S7,C5027,240808A,EPSSWEXCEPTION_POR_F52_UDT_CUBE_MFG_A_C5027_2d105e6_24080900,VTY0H0NQ83A2,GCFUDPNP08142024010534472,0914010000ca3803013aca3803069254,0x911024667874b106,LC1E3011038VB232012,,,,121,-1023,15194,15194,39.10996577033182575178,0.00000000000000000000,0.00000000000000000000,121,-1023,15186,15186,39.29513015738643844088,0.00000000000000000000,0.00000000000000000000,121,-1023,15169,15169,39.50957144865600412231,0.00000000000000000000,0.00000000000000000000,-368
